query,clicks,impressions,ctr,position
"nicks tires",9,242,3.7%,2.1
"nicks tire and auto",5,72,6.9%,1.9
"tire shops near me",4,339,1.2%,7.3
"tire shop near me",3,106,2.8%,11.5
"nicks auto",2,53,3.8%,3.8
"moe's tire euclid",2,46,4.3%,2.2
"moe's tires euclid",2,24,8.3%,1.0
"nicks tire",2,23,8.7%,1.3
"brake repair near me",2,23,8.7%,9.8
"nick's tire and auto euclid cleveland",2,14,14.3%,1.0
"nicks automotive",2,14,14.3%,7.6
"muffler shop open on sunday",2,10,20%,3.7
"where can i get my tire patched",2,2,100%,1.0
"wheel alignment cleveland",1,83,1.2%,36.2
"nick's tire and auto euclid",1,51,2%,1.4
"tires near me",1,42,2.4%,12.1
"oil change near me",1,34,2.9%,8.2
"nick's tire and auto",1,33,3%,9.1
"auto shops near me",1,23,4.3%,7.9
"moes tire shop",1,20,5%,5.0
"moe's tire euclid avenue",1,17,5.9%,2.9
"nicks auto body",1,10,10%,10.6
"moes auto shop",1,9,11.1%,4.8
"brake pad replacement near me",1,5,20%,4.8
"wheel alignment prices near me",1,3,33.3%,1.3
"cheap brake repair near me",1,3,33.3%,3.0
"nick's auto repair near me",1,3,33.3%,16.0
"tire repair cleveland",1,3,33.3%,20.7
"best place to buy tires near me",1,2,50%,2.0
"exhaust repair near me",1,2,50%,3.0
"used car batteries near me",1,2,50%,6.5
"auto mechanic",1,1,100%,1.0
"brake specials near me",1,1,100%,1.0
"cheap used tires near me open now",1,1,100%,1.0
"alignment cost",1,1,100%,2.0
"tire no rim",1,1,100%,5.0
"mechanics open on sunday",1,1,100%,6.0
"synthetic oil change",0,179,0%,65.4
"oil change service station",0,114,0%,1.0
"check engine light service",0,85,0%,61.4
"mechanic near me",0,84,0%,24.2
"auto repair near me",0,79,0%,24.4
"wheel alignment near me",0,74,0%,7.5
"check engine light near me",0,64,0%,36.4
"brakes cleveland",0,62,0%,20.9
"auto repair",0,61,0%,26.8
"auto shop near me",0,53,0%,25.5
"vehicle inspection",0,51,0%,1.5
"check engine light cleveland",0,51,0%,11.4
"nicks",0,50,0%,1.7
"battery replacement",0,49,0%,1.1
"oil change cleveland",0,44,0%,27.8
"auto repair parma heights",0,43,0%,40.2
"car repair",0,42,0%,31.0
"tire shop",0,41,0%,10.0
"brake repair cleveland",0,40,0%,38.7
"parma heights auto repair",0,39,0%,38.6
"tire repair near me",0,38,0%,7.2
"nick's auto repair",0,37,0%,33.8
"car repair parma heights",0,37,0%,41.8
"used tires near me",0,36,0%,14.8
"muffler shops near me",0,34,0%,10.9
"car shops near me",0,33,0%,7.4
"moes tires",0,30,0%,4.4
"moes tire",0,30,0%,4.9
"tire shops",0,28,0%,10.6
"check engine light service loveland",0,28,0%,57.2
"nicks tire shop",0,26,0%,2.6
"brakes near me",0,26,0%,6.3
"nick",0,24,0%,3.5
"oil change in cleveland",0,24,0%,35.2
"tire alignment near me",0,23,0%,26.2
"wheel alignment in cleveland ohio",0,23,0%,40.2
"tire places near me",0,20,0%,11.2
"auto repair 44129",0,20,0%,
"moe's tire",0,19,0%,4.7
"nick tires",0,19,0%,5.3
"nick tire shop",0,18,0%,2.9
"nicks auto repair",0,17,0%,20.2
"tire repair 44129",0,17,0%,30.4
"oil change in cleveland oh",0,17,0%,35.1
"brake repair 44142",0,17,0%,38.2
"nick auto",0,16,0%,3.0
"auto repair parma",0,16,0%,44.4
"brakes",0,15,0%,1.0
"brake pad replacement",0,15,0%,1.5
"wheel alignment",0,15,0%,4.1
"brake shops near me",0,15,0%,6.8
"alignment near me",0,15,0%,7.1
"oil change",0,15,0%,10.0
"check engine light diagnostics 44133",0,15,0%,26.0
"brake repair cleveland oh",0,15,0%,26.5
"chevy ac repair",0,14,0%,2.1
"nick's tire shop",0,14,0%,23.1
"brake inspection near me",0,14,0%,45.4
"ai car repair quote checker",0,14,0%,90.3
"e check near me",0,13,0%,7.6
"used tire shops near me",0,13,0%,13.2
"tire shops cleveland",0,13,0%,13.4
"parma heights car repair",0,13,0%,40.4
"engine diagnostics",0,13,0%,63.7
"brake service",0,12,0%,1.0
"tire repair",0,12,0%,28.4
"nick tire",0,11,0%,2.8
"moe's tires",0,11,0%,3.7
"tires",0,11,0%,7.9
"car shop near me",0,11,0%,8.7
"nicks used tires",0,11,0%,23.6
"tire repair parma",0,11,0%,43.6
"tire replacement service",0,11,0%,45.6
"inspection near me",0,10,0%,1.0
"nick's auto",0,10,0%,4.6
"tire shops near me open now",0,10,0%,6.7
"battery service cleveland",0,10,0%,7.2
"tire shop near me open now",0,10,0%,10.1
"cleveland oil change",0,10,0%,32.1
"brake service cleveland",0,10,0%,34.4
"oil change cleveland oh",0,10,0%,35.4
"oil change in cleveland ohio",0,10,0%,37.5
"brake replacement cleveland",0,10,0%,39.3
"brake repair 44129",0,10,0%,42.3
"check engine light repair loveland",0,10,0%,57.9
"ai car diagnostic",0,10,0%,64.5
"check engine light repair near me",0,10,0%,80.6
